Project Name,FAST-pw,FAST-pw,FAST-all,FAST-all,ART-D,ART-D,ART-F,ART-F,GeTLO,GeTLO,OGA,OGA
,Time,APFD,Time,APFD,Time,APFD,Time,APFD,Time,APFD,Time,APFD
S1 LastCalc0.1_v1 (32 TS),0.1259,0.6279,0.1262,0.6004,0.1714,0.6364,0.2297,0.7189,0.0917,0.8027,0.0021✓,0.8013
S2 lanterna_v1 (34 TS),0.0097,0.6785,0.0093,0.6624,0.0064,0.7324,0.0140,0.7322,0.2519,0.8604,0.0005✓,0.8553
S3 gdxartemismaster_v1 (35 TS),0.0438,0.6282,0.0432,0.6521,0.0486,0.8055,0.0924,0.8147,0.0266,0.8939,0.0007✓,0.8870
S4 gsonfire_v1 (36 TS),0.0129,0.6231,0.0124,0.6804,0.0087,0.7374,0.0262,0.7195,0.0089,0.8410,0.0006✓,0.8390
S5 restcountries_v1 (40 TS),0.0027,0.5740,0.0022,0.6132,0.0018,0.6665,0.0065,0.6488,0.0127,0.7959,0.0005✓,0.7939
S6 redlinesmalltalkmaster_v1 (43 TS),0.0365,0.4527,0.0359,0.9165,0.0248,0.6815,0.0262,0.8665,0.0268,0.9858,0.0008✓,0.9860
S7 javauuidgenerator_v1 (45 TS),0.0060,0.6845,0.0053,0.7697,0.0044,0.7695,0.0151,0.7746,0.0376,0.9069,0.0006✓,0.9059
S8 gsonfirenew_v1 (47 TS),0.0090,0.7042,0.0078,0.5975,0.0076,0.7099,0.0234,0.6752,0.0217,0.8863,0.0007✓,0.8861
S9 lowgcmembuffers_v1 (51 TS),0.0415,0.7629,0.0405,0.7555,0.0704,0.7910,0.1724,0.7745,0.1071,0.9029,0.0014✓,0.9028
S10 DiskLruCache_v1 (61 TS),0.0277,0.8252,0.0257,0.8068,0.0359,0.8490,0.1059,0.8686,0.0341,0.9069,0.0010✓,0.9053
S11 JActor_v1 (65 TS),0.0533,0.7659,0.0511,0.7780,0.0753,0.6882,0.2788,0.8189,0.1704,0.8668,0.0018✓,0.8635
S12 nvwebsocketclient_v1 (73 TS),0.0098,0.5531,0.0086,0.8620,0.0083,0.7160,0.0250,0.5994,0.2643,0.9620,0.0008✓,0.9615
S13 jacksondatatypeguava_v1 (73 TS),0.1218,0.6659,0.1199,0.6706,0.2608,0.7415,0.7250,0.7496,0.1294,0.8779,0.0019✓,0.8767
S14 jacksondatatypeguavanew_v1 (80 TS),0.0175,0.6621,0.0164,0.7289,0.0411,0.7926,0.0958,0.6253,0.0814,0.8852,0.0013✓,0.8866
S15 javaapns_v1 (87 TS),0.0213,0.7358,0.0199,0.6812,0.0794,0.7898,0.0893,0.8045,0.0451,0.8548,0.0011✓,0.8527
S16 ewsjavaapi_v1 (90 TS),0.0046,0.2392,0.0023,0.6583,0.0054,0.5076,0.0129,0.5390,0.0070,0.8508,0.0014✓,0.8523
S17 scribejava_v1 (99 TS),0.0159,0.6206,0.0138,0.5841,0.0550,0.6199,0.0752,0.7521,0.0329,0.8578,0.0013✓,0.8582
S18 jasminemavenplugin_v1 (102 TS),0.0138,0.6115,0.0110,0.6431,0.0390,0.7065,0.0843,0.6280,0.0362,0.8113,0.0014✓,0.8101
S19 jumblr_v1 (103 TS),0.0069,0.6675,0.0043,0.5701,0.0172,0.5876,0.0338,0.6648,0.0713,0.8334,0.0012✓,0.8509
S20 webbit_v1 (131 TS),0.0401,0.6492,0.0361,0.7270,0.1109,0.7999,0.2267,0.7539,0.2608,0.8641,0.0021✓,0.8665
S21 chukwa_v1 (131 TS),0.0905,0.6682,0.0864,0.5795,0.5099,0.6457,0.6733,0.5161,1.5233,0.8002,0.0036✓,0.8006
S22 streamlib_v1 (141 TS),0.0513,0.6507,0.0475,0.6483,0.2392,0.7767,0.4347,0.6531,0.3788,0.8311,0.0025✓,0.8318
S23 metricscore_v1 (150 TS),0.0321,0.6055,0.0275,0.6566,0.1794,0.6915,0.2683,0.6500,0.1137,0.7997,0.0018✓,0.8029
S24 hivemall_v1 (150 TS),0.0865,0.5636,0.0820,0.5687,0.4347,0.6317,0.4522,0.6569,1.5496,0.8475,0.0038✓,0.8459
S25 protoparser_v1 (171 TS),0.0540,0.6356,0.0490,0.6500,0.3177,0.7643,0.5080,0.7890,0.1910,0.9519,0.0032✓,0.9511
S26 springretry_v1 (185 TS),0.0548,0.5571,0.0490,0.5758,0.2454,0.8261,0.4552,0.7872,0.4015,0.9208,0.0029✓,0.9182
S27 ramljavaparsermaster_v1 (192 TS),5.0823,0.7636,5.0237,0.6862,68.9301,0.8714,79.9213,0.8159,13.6248,0.9506,0.0231✓,0.9481
S28 ramljavaparser_v1 (197 TS),0.3622,0.7841,0.3514,0.7452,3.8792,0.8924,5.1435,0.8578,1.5108,0.9630,0.0120✓,0.9595
S29 asteriskjava_v1 (217 TS),0.2032,0.6327,0.1974,0.6373,2.6135,0.6829,2.0695,0.6920,0.7844,0.8666,0.0038✓,0.8654
S30 asteriskjavanew_v1 (217 TS),0.0508,0.5650,0.0411,0.6953,0.3800,0.6604,0.5637,0.6084,3.2959,0.8750,0.0032✓,0.8750
S31 redlinesmalltalk_v1 (240 TS),0.0300,0.5675,0.0153,0.5561,0.1844,0.5428,0.2599,0.5142,0.5416,0.8340,0.0033✓,0.8332
S32 lambdajmaster_v1 (265 TS),1.3173,0.6704,1.3049,0.6760,25.7093,0.7744,21.5297,0.7489,5.0365,0.9048,0.0139✓,0.8837
S33 commonspool_v1 (272 TS),0.1833,0.6449,0.1699,0.6989,2.4124,0.6947,3.0679,0.6540,1.5078,0.8197,0.0069✓,0.8185
S34 javapoet_v1 (332 TS),0.2736,0.6860,0.2594,0.8195,3.2850,0.8463,4.6421,0.8278,1.3440,0.9201,0.0088✓,0.9208
S35 jacksoncore_v1 (376 TS),0.5948,0.6136,0.5785,0.7504,16.9680,0.7240,14.4392,0.7462,6.0564,0.8932,0.0130✓,0.8923
S36 OpenTripPlannerotp0.20.0_v1 (379 TS),0.7171,0.7009,0.6988,0.7906,22.8072,0.8346,10.2371,0.8510,12.9810,0.9544,0.0143✓,0.9511
S37 hbase1.2.2_v1 (434 TS),0.3573,0.6737,0.3153,0.7194,7.1479,0.6666,6.1574,0.6630,15.1418,0.8746,0.0093✓,0.8697
S38 streamex_v1 (450 TS),0.2206,0.5711,0.1829,0.5714,5.4362,0.6798,5.3466,0.6362,3.8098,0.8664,0.0098✓,0.8661
S39 rome1.5.0_v1 (475 TS),47.3979,0.7920,48.2448,0.8007,1248.1975,0.8381,2204.2127,0.7561,782.2669,0.9360,0.1674✓,0.9303
S40 joss_v1 (531 TS),0.2587,0.5653,0.2055,0.7646,6.0894,0.7579,5.9361,0.7321,2.7878,0.9170,0.0224✓,0.9138
S41 commonsdbcp_v1 (560 TS),0.6649,0.7705,0.5927,0.7472,15.8343,0.7721,29.3087,0.7338,6.7547,0.9465,0.0180✓,0.9390
S42 la4j_v1 (625 TS),2.3260,0.7848,2.2250,0.7701,46.5359,0.8148,134.5148,0.8110,20.0405,0.8454,0.0131✓,0.8244
S43 jsoup_v1 (666 TS),1.6898,0.7508,1.5815,0.8141,75.9117,0.8260,91.8580,0.8222,14.8583,0.9333,0.0527✓,0.9320
S44 languagetool_v1 (719 TS),2.3693,0.5264,2.2687,0.4776,106.5109,0.6753,79.0342,0.6050,28.9242,0.8695,0.0341✓,0.8623
S45 joptsimple_v1 (727 ST),0.7667,0.7549,0.6776,0.8679,25.0188,0.8796,49.4618,0.8861,6.0372,0.9157,0.0209✓,0.9113
S46 la4jnew_v1 (799 TS),0.6521,0.5664,0.5572,0.5985,22.7831,0.8702,29.7720,0.8204,8.6795,0.9424,0.0252✓,0.9461
S47 blueflood_v1 (961 TS),0.3677,0.7003,0.1574,0.6904,9.1356,0.7437,7.3975,0.7185,8.6232,0.9095,0.0194✓,0.9081
S48 commonsio_v1 (1081 TS),0.4036,0.7135,0.1221,0.6856,11.2116,0.7172,8.8753,0.7261,9.9893,0.8905,0.0230✓,0.8904
S49 vraptorarchive_v1 (1130 TS),0.7149,0.7017,0.4721,0.7806,70.4607,0.7714,19.8673,0.7769,11.3622,0.8674,0.0267✓,0.8663
S50 RoaringBitmap_v1 (1148 TS),0.8120,0.6773,0.5811,0.6853,67.1639,0.7670,49.9108,0.7560,16.3957,0.9261,0.1119✓,0.9235
S51 jsprit_v1 (1250 TS),1.8191,0.6076,1.5731,0.7802,92.0426,0.8366,85.2345,0.8197,32.8399,0.9282,0.0275✓,0.9162
S52 mapdbmapdb1.0.9_v1 (1776 TS),4.9250,0.8232,4.2976,0.8506,678.5042,0.8066,509.5121,0.7626,97.6049,0.9752,0.0766✓,0.9516
S53 assertjcore_v1 (2470 TS),1.4974,0.4796,0.3814,0.7281,16.0160,0.6800,63.3671,0.6417,16.5597,0.8508,0.1217✓,0.8507
S54 camelcore_v1 (5623 TS),36.7121,0.8242,31.9325,0.7936,25061.1960,0.8550,13579.2305,0.8525,2628.0915,0.9554,1.3135✓,0.9516